,x,y
A115,7.565,120.956
A116,8.136,111.991
A133,8.037,124.522
A141,8.855,122.759
A152,8.354,121.291
A173,9.004,123.458
A23,8.656,123.082
A247,7.993,120.418
A257,8.403,123.674
A38,7.455,127.411
A54,7.417,120.224
A77,8.232,123.512
C205,7.586,114.78
D101,8.83,121.25
D110,9.686,132.242
D129,7.482,116.388
D138,7.867,114.849
D161,8.371,117.662
D164,8.172,116.186
D174,8.601,122.1
D179,7.965,128.101
D189,7.379,121.796
D242,7.176,114.483
D32,8.327,118.479
D34,7.516,128.195
D41,7.718,128.955
D52,8.827,121.136
D71,8.416,117.172
D72,8.975,131.605
E106,8.231,118.974
E117,9.368,120.733
E186,8.175,116.287
E204,8.81,124.927
E213,8.884,121.49
E220,8.35,118.458
E233,8.365,121.372
E235,7.354,119.885
E237,8.238,123.374
E238,8.96,129.74
E26,9.327,117.68
E69,8.444,124.129
F130,7.542,119.85
F146,10.116,129.101
F175,7.979,125.3
F178,8.232,118.868
F225,7.109,118.634
F230,8.894,117.296
F259,6.654,117.986
F66,7.218,110.252
F70,8.582,119.078
F93,8.643,113.634
F95,9.145,117.532
G102,7.646,102.832
G104,8.231,106.183
G128,7.808,107.465
G131,8.055,103.845
G139,7.952,107.704
G144,9.936,114.219
G150,9.096,118.092
G170,8.845,116.708
G182,7.293,102.679
G195,9.419,110.513
G232,8.674,104.871
G234,9.043,113.945
G25,8.287,108.83
G6,8.12,109.656
G63,9.739,108.852
G8,8.413,110.812
G81,8.979,106.478
G82,7.07,108.649
G86,7.822,109.408
G98,8.101,108.12
H107,10.634,117.708
H119,8.973,124.936
H122,8.542,124.086
H94,8.191,112.821
H96,8.681,114.835
I145,9.099,124.354
I166,7.403,116.227
I209,8.731,127.116
I215,8.87,113.214
I255,8.882,124.432
I33,8.708,128.478
I59,9.029,122.09
I91,8.889,123.425
K111,9.84,109.796
K112,8.239,124.514
K113,7.939,122.052
K126,7.938,122.934
K132,7.706,119.719
K148,8.953,119.427
K153,8.679,123.726
K158,8.714,115.542
K167,7.362,117.492
K169,7.462,120.612
K171,7.773,120.236
K212,7.393,122.344
K224,6.903,115.088
K227,6.848,114.079
K24,7.124,114.687
K251,8.855,114.574
K256,8.771,126.573
K260,7.728,124.439
K39,8.158,122.814
K45,7.518,123.041
K76,7.932,124.01
K80,8.371,120.595
L100,7.318,119.004
L118,9.878,130.52
L120,9.013,123.993
L140,8.829,115.911
L143,8.468,128.137
L147,8.202,120.321
L156,7.536,116.807
L163,7.056,121.595
L183,7.237,117.358
L184,6.642,113.264
L188,8.633,125.707
L202,9.079,120.065
L203,5.996,111.028
L211,8.949,126.773
L223,7.991,120.981
L228,7.083,119.291
L239,8.72,126.107
L250,8.661,125.842
L44,7.017,123.096
L47,8.939,125.831
L57,8.884,117.541
L60,8.679,123.848
L79,8.979,123.566
L84,7.763,120.245
L90,8.521,124.432
M240,8.692,123.078
N124,9.008,119.803
N177,9.681,115.437
N229,8.864,118.315
N231,8.162,110.826
N243,8.347,119.103
N61,8.422,121.332
N62,8.014,123.323
N67,8.986,120.871
Q103,7.853,114.828
Q135,6.611,114.071
Q136,7.549,118.237
Q157,7.796,122.33
Q221,7.518,117.919
Q248,8.655,121.947
Q254,8.559,118.333
Q28,7.709,115.448
Q53,8.02,114.513
Q74,7.672,117.699
Q92,7.343,115.464
R181,8.368,118.508
R226,6.701,109.203
R253,7.292,118.5
R27,8.851,120.544
R58,7.159,114.565
R89,8.575,122.775
S105,7.361,107.924
S151,8.258,123.955
S165,7.982,113.528
S172,8.317,113.902
S187,7.567,111.334
S196,8.612,120.18
S216,8.066,116.638
S218,8.402,116.007
S219,9.281,117.377
S258,8.928,116.424
S29,8.048,117.581
S43,8.476,115.288
S48,8.466,119.84
S50,8.369,122.833
S56,9.941,126.372
S73,8.802,115.957
S99,8.396,111.996
T108,7.363,109.45
T125,8.169,117.252
T168,6.594,98.864
T176,8.08,114.948
T192,9.676,115.125
T199,7.012,108.906
T207,8.462,124.996
T35,10.29,122.189
T37,7.652,108.901
T55,9.374,120.568
T87,8.471,116.685
V109,7.628,118.623
V121,9.224,126.523
V134,7.389,108.147
V142,7.219,124.115
V149,8.418,121.409
V159,7.021,113.157
V160,7.287,114.499
V162,7.123,113.993
V206,7.276,118.742
V210,9.728,128.525
V217,8.512,115.805
V222,7.363,114.793
V241,6.741,114.981
V31,6.296,107.133
V49,8.373,127.448
V78,8.398,116.091
W123,9.062,119.369
W191,9.526,117.16
W208,8.258,129.403
W244,6.529,114.549
W97,9.488,119.255
Y114,8.134,121.217
Y127,7.582,115.45
Y190,8.717,118.849
Y193,8.05,125.602
Y40,8.683,126.882
Y51,8.968,124.769
Y88,8.464,126.114
