ResidueKey;x;y;order;assigned_to;est_shift;real_shift;pred_x;pred_y;target_x;target_y
G6;8.12;109.656;6;na;-1.0;-1.0;;;;
G8;8.413;110.812;8;G8;0.03512036446279978;0.03512036446279978;8.385;110.706;8.385;110.706
A23;8.656;123.082;23;M240;0.016387800340497242;0.032775600680994485;8.641;123.049;8.626;123.016
K24;7.124;114.687;24;K24;0.03828002089863548;0.03828002089863548;7.101;114.84;7.101;114.84
G25;8.287;108.83;25;G25;0.0040049968789014675;0.0040049968789014675;8.283;108.829;8.283;108.829
E26;9.327;117.68;26;E26;0.02557655176132782;0.02557655176132782;9.324;117.807;9.324;117.807
R27;8.851;120.544;27;R27;0.008199999999998653;0.008199999999998653;8.851;120.585;8.851;120.585
Q28;7.709;115.448;28;Q28;0.04558113644919489;0.04558113644919489;7.674;115.594;7.674;115.594
S29;8.048;117.581;29;S29;0.1216488388764964;0.1216488388764964;8.084;118.162;8.084;118.162
V31;6.296;107.133;31;V31;0.0626718437577866;0.0626718437577866;6.293;106.82;6.293;106.82
D32;8.327;118.479;32;D32;0.08189774111658886;0.08189774111658886;8.268;118.195;8.268;118.195
I33;8.708;128.478;33;I33;0.006660330322140552;0.006660330322140552;8.713;128.456;8.713;128.456
D34;7.516;128.195;34;D34;0.029394557319340427;0.029394557319340427;7.487;128.171;7.487;128.171
T35;10.29;122.189;35;T35;0.014647866738878322;0.014647866738878322;10.278;122.147;10.278;122.147
T37;7.652;108.901;37;T37;0.02532113741521061;0.02532113741521061;7.658;109.024;7.658;109.024
A38;7.455;127.411;38;A38;0.01100727032465339;0.01100727032465339;7.465;127.434;7.465;127.434
K39;8.158;122.814;39;K39;0.01796218249545556;0.01796218249545556;8.175;122.785;8.175;122.785
Y40;8.683;126.882;40;Y40;0.008840814442120872;0.008840814442120872;8.676;126.909;8.676;126.909
D41;7.718;128.955;41;D41;0.021564786110696756;0.021564786110696756;7.699;128.904;7.699;128.904
S43;8.476;115.288;43;S43;0.007939773296511882;0.007939773296511882;8.482;115.262;8.482;115.262
L44;7.017;123.096;44;L44;0.004999999999999005;0.004999999999999005;7.017;123.121;7.017;123.121
K45;7.518;123.041;45;K45;0.07695037361832772;0.07695037361832772;7.459;122.794;7.459;122.794
L47;8.939;125.831;47;L47;0.022068982758614037;0.022068982758614037;8.923;125.755;8.923;125.755
S48;8.466;119.84;48;S48;0.03787822593522352;0.03787822593522352;8.46;119.653;8.46;119.653
V49;8.373;127.448;49;V49;0.011180339887499903;0.011180339887499903;8.368;127.398;8.368;127.398
S50;8.369;122.833;50;S50;0.015652475842497796;0.015652475842497796;8.376;122.763;8.376;122.763
Y51;8.968;124.769;51;Y51;0.024239636960976894;0.024239636960976894;8.979;124.661;8.979;124.661
D52;8.827;121.136;52;D52;0.013984276885131259;0.013984276885131259;8.831;121.203;8.831;121.203
Q53;8.02;114.513;53;Q53;0.02098475637218759;0.02098475637218759;8.024;114.41;8.024;114.41
A54;7.417;120.224;54;A54;0.014524462124290573;0.014524462124290573;7.408;120.281;7.408;120.281
T55;9.374;120.568;55;T55;0.03360297605867777;0.03360297605867777;9.396;120.695;9.396;120.695
S56;9.941;126.372;56;S56;0.014176036117335623;0.014176036117335623;9.945;126.44;9.945;126.44
L57;8.884;117.541;57;F230;0.03766908546806028;0.04459820624195601;8.853;117.434;8.914;117.706
R58;7.159;114.565;58;na;-1.0;-1.0;;;;
I59;9.029;122.09;59;I59;0.007180529228406138;0.007180529228406138;9.022;122.098;9.022;122.098
L60;8.679;123.848;60;K153;0.014764823060231594;0.02210972636646604;8.686;123.913;8.657;123.859
N61;8.422;121.332;61;N61;0.04144828102587911;0.04144828102587911;8.42;121.539;8.42;121.539
N62;8.014;123.323;62;N62;0.0201156655370863;0.0201156655370863;8.02;123.227;8.02;123.227
G63;9.739;108.852;63;G63;0.04750789408087753;0.04750789408087753;9.708;109.032;9.708;109.032
F66;7.218;110.252;66;F66;0.041326020858535976;0.041326020858535976;7.2;110.438;7.2;110.438
N67;8.986;120.871;67;N67;0.13541787178950895;0.13541787178950895;8.903;120.336;8.903;120.336
E69;8.444;124.129;69;E69;0.050748793089099034;0.050748793089099034;8.465;123.898;8.465;123.898
F70;8.582;119.078;70;F70;0.051040768019299014;0.051040768019299014;8.623;119.23;8.623;119.23
D71;8.416;117.172;71;D71;0.02126029162546888;0.02126029162546888;8.4;117.102;8.4;117.102
D72;8.975;131.605;72;D72;0.009769339793456866;0.009769339793456866;8.966;131.624;8.966;131.624
S73;8.802;115.957;73;L140;0.044578470139745995;0.05024937810560061;8.813;116.173;8.765;115.787
Q74;7.672;117.699;74;Q74;0.004686149805543079;0.004686149805543079;7.675;117.717;7.675;117.717
K76;7.932;124.01;76;K76;0.018439088914585577;0.018439088914585577;7.946;124.07;7.946;124.07
A77;8.232;123.512;77;A77;0.02827083302628442;0.02827083302628442;8.223;123.378;8.223;123.378
V78;8.398;116.091;78;S218;0.026464315596667117;0.026276224995230208;8.38;115.994;8.396;115.96
L79;8.979;123.566;79;L79;0.02852437554093083;0.02852437554093083;9.006;123.52;9.006;123.52
K80;8.371;120.595;80;na;-1.0;-1.0;;;;
G81;8.979;106.478;81;G81;0.008930845424706315;0.008930845424706315;8.974;106.441;8.974;106.441
G82;7.07;108.649;82;G82;0.030610455730026926;0.030610455730026926;7.046;108.744;7.046;108.744
L84;7.763;120.245;84;L84;0.009329523031754043;0.009329523031754043;7.755;120.269;7.755;120.269
G86;7.822;109.408;86;G86;0.023409399821439174;0.023409399821439174;7.844;109.448;7.844;109.448
T87;8.471;116.685;87;T87;0.031232034836045294;0.031232034836045294;8.454;116.554;8.454;116.554
Y88;8.464;126.114;88;Y88;0.04036087214122147;0.04036087214122147;8.491;126.264;8.491;126.264
R89;8.575;122.775;89;R89;0.008475848040167872;0.008475848040167872;8.583;122.789;8.583;122.789
L90;8.521;124.432;90;L90;0.050420630698160496;0.050420630698160496;8.495;124.216;8.495;124.216
I91;8.889;123.425;91;I91;0.024481829996958856;0.024481829996958856;8.887;123.303;8.887;123.303
Q92;7.343;115.464;92;Q92;0.014866068747317794;0.014866068747317794;7.333;115.409;7.333;115.409
F93;8.643;113.634;93;F93;0.059195945807124735;0.059195945807124735;8.599;113.436;8.599;113.436
H94;8.191;112.821;94;H94;0.16907702386782317;0.16907702386782317;8.259;113.595;8.259;113.595
F95;9.145;117.532;95;na;-1.0;-1.0;;;;
H96;8.681;114.835;96;H96;0.16337686494727616;0.16337686494727616;8.785;115.465;8.785;115.465
W97;9.488;119.255;97;W97;0.10300174755799024;0.10300174755799024;9.591;119.252;9.591;119.252
G98;8.101;108.12;98;G98;0.10455257050881406;0.10455257050881406;8.025;107.761;8.025;107.761
S99;8.396;111.996;99;S99;0.02575732905407558;0.02575732905407558;8.421;111.965;8.421;111.965
L100;7.318;119.004;100;L100;0.0568168988946072;0.0568168988946072;7.366;119.156;7.366;119.156
D101;8.83;121.25;101;D101;0.008411896337924721;0.008411896337924721;8.838;121.263;8.838;121.263
G102;7.646;102.832;102;G102;0.004004996878900759;0.004004996878900759;7.65;102.833;7.65;102.833
Q103;7.853;114.828;103;Q103;0.04272001872658448;0.04272001872658448;7.841;115.033;7.841;115.033
G104;8.231;106.183;104;G104;0.05731108095298458;0.05731108095298458;8.222;106.466;8.222;106.466
S105;7.361;107.924;105;S105;0.06942881246283804;0.06942881246283804;7.296;107.802;7.296;107.802
E106;8.231;118.974;106;F178;0.011909659944769838;0.013000000000000038;8.24;118.935;8.226;118.914
H107;10.634;117.708;107;H107;0.13836892714768012;0.13836892714768012;10.758;118.015;10.758;118.015
T108;7.363;109.45;108;T108;0.08550695878114264;0.08550695878114264;7.346;109.031;7.346;109.031
V109;7.628;118.623;109;V109;0.011574109036986016;0.011574109036986016;7.63;118.566;7.63;118.566
D110;9.686;132.242;110;D110;0.0020099751242244426;0.0020099751242244426;9.684;132.241;9.684;132.241
K111;9.84;109.796;111;K111;0.011513470371699478;0.011513470371699478;9.829;109.779;9.829;109.779
K112;8.239;124.514;112;K112;0.012727922061358338;0.012727922061358338;8.23;124.469;8.23;124.469
K113;7.939;122.052;113;K113;0.029795301643045554;0.029795301643045554;7.912;121.989;7.912;121.989
Y114;8.134;121.217;114;Y114;0.025612496949728298;0.025612496949728298;8.15;121.317;8.15;121.317
A115;7.565;120.956;115;A115;0.026077576574521324;0.026077576574521324;7.589;120.905;7.589;120.905
A116;8.136;111.991;116;A116;0.051429563482498435;0.051429563482498435;8.159;112.221;8.159;112.221
E117;9.368;120.733;117;L202;0.16940850037704808;0.19465549054676295;9.2;120.842;9.458;121.596
L118;9.878;130.52;118;L118;0.03766908546806028;0.03766908546806028;9.847;130.413;9.847;130.413
H119;8.973;124.936;119;H119;0.15831727637879478;0.15831727637879478;8.938;125.708;8.938;125.708
L120;9.013;123.993;120;L120;0.016560193235585566;0.016560193235585566;9.003;123.927;9.003;123.927
V121;9.224;126.523;121;V121;0.08810221336606824;0.08810221336606824;9.145;126.328;9.145;126.328
H122;8.542;124.086;122;H122;0.032013122309451865;0.032013122309451865;8.515;124.172;8.515;124.172
W123;9.062;119.369;123;W123;0.03324695474776572;0.03324695474776572;9.049;119.216;9.049;119.216
N124;9.008;119.803;124;N124;0.009425497334359042;0.009425497334359042;9.017;119.789;9.017;119.789
T125;8.169;117.252;125;T125;0.027784887978900066;0.027784887978900066;8.145;117.182;8.145;117.182
K126;7.938;122.934;126;K126;0.012322337440599893;0.012322337440599893;7.928;122.898;7.928;122.898
Y127;7.582;115.45;127;Y127;0.016124515496596863;0.016124515496596863;7.596;115.49;7.596;115.49
G128;7.808;107.465;128;G128;0.009297311439336368;0.009297311439336368;7.805;107.421;7.805;107.421
D129;7.482;116.388;129;D129;0.024249536078035813;0.024249536078035813;7.46;116.337;7.46;116.337
F130;7.542;119.85;130;F130;0.023537204591879878;0.023537204591879878;7.519;119.875;7.519;119.875
G131;8.055;103.845;131;G131;0.01406556077801054;0.01406556077801054;8.048;103.784;8.048;103.784
K132;7.706;119.719;132;K132;0.01895890292184691;0.01895890292184691;7.693;119.65;7.693;119.65
A133;8.037;124.522;133;A133;0.019779787663167733;0.019779787663167733;8.019;124.563;8.019;124.563
V134;7.389;108.147;134;V134;0.022472205054246085;0.022472205054246085;7.377;108.242;7.377;108.242
Q135;6.611;114.071;135;Q135;0.03532930794680254;0.03532930794680254;6.593;113.919;6.593;113.919
Q136;7.549;118.237;136;Q136;0.023850366873491995;0.023850366873491995;7.556;118.351;7.556;118.351
D138;7.867;114.849;138;D138;0.08544588931013637;0.08544588931013637;7.916;115.199;7.916;115.199
G139;7.952;107.704;139;G139;0.0350821892133316;0.0350821892133316;7.917;107.692;7.917;107.692
L140;8.829;115.911;140;S73;0.06863701625216498;0.05478831992313563;8.765;115.787;8.813;116.173
A141;8.855;122.759;141;A141;0.0949210198006751;0.0949210198006751;8.882;123.214;8.882;123.214
V142;7.219;124.115;142;V142;0.1305977028894445;0.1305977028894445;7.264;124.728;7.264;124.728
L143;8.468;128.137;143;L143;0.09903958804437835;0.09903958804437835;8.449;127.651;8.449;127.651
G144;9.936;114.219;144;G144;0.1028142013537031;0.1028142013537031;9.863;113.857;9.863;113.857
I145;9.099;124.354;145;I145;0.1573023839615921;0.1573023839615921;9.255;124.455;9.255;124.455
F146;10.116;129.101;146;F146;0.07652476723257777;0.07652476723257777;10.063;128.825;10.063;128.825
L147;8.202;120.321;147;L147;0.03736308338453788;0.03736308338453788;8.238;120.371;8.238;120.371
K148;8.953;119.427;148;K148;0.031320919526729434;0.031320919526729434;8.962;119.577;8.962;119.577
V149;8.418;121.409;149;V149;0.011001818031579052;0.011001818031579052;8.423;121.458;8.423;121.458
G150;9.096;118.092;150;G150;0.012000000000000455;0.012000000000000455;9.108;118.092;9.108;118.092
S151;8.258;123.955;151;S151;0.009219544457293366;0.009219544457293366;8.26;124.0;8.26;124.0
A152;8.354;121.291;152;A152;0.01652392205258848;0.01652392205258848;8.341;121.24;8.341;121.24
K153;8.679;123.726;153;L60;0.034518980286212475;0.03804944152020964;8.657;123.859;8.686;123.913
L156;7.536;116.807;156;L156;0.014022838514365928;0.014022838514365928;7.522;116.803;7.522;116.803
Q157;7.796;122.33;157;Q157;0.018701871564097392;0.018701871564097392;7.782;122.268;7.782;122.268
K158;8.714;115.542;158;K158;0.00913016976841164;0.00913016976841164;8.706;115.52;8.706;115.52
V159;7.021;113.157;159;V159;0.014368020044529393;0.014368020044529393;7.025;113.226;7.025;113.226
V160;7.287;114.499;160;V160;0.05147815070493335;0.05147815070493335;7.28;114.244;7.28;114.244
D161;8.371;117.662;161;D161;0.01459999999999773;0.01459999999999773;8.36;117.71;8.36;117.71
V162;7.123;113.993;162;V162;0.010630145812733771;0.010630145812733771;7.13;114.033;7.13;114.033
L163;7.056;121.595;163;L163;0.005730619512756215;0.005730619512756215;7.051;121.581;7.051;121.581
D164;8.172;116.186;164;D164;0.0010000000000012221;0.0010000000000012221;8.172;116.181;8.172;116.181
S165;7.982;113.528;165;S165;0.008692525524839978;0.008692525524839978;7.99;113.545;7.99;113.545
I166;7.403;116.227;166;I166;0.0053141321022342515;0.0053141321022342515;7.398;116.236;7.398;116.236
K167;7.362;117.492;167;K167;0.018181309083782685;0.018181309083782685;7.348;117.434;7.348;117.434
T168;6.594;98.864;168;T168;0.00704556598152424;0.00704556598152424;6.59;98.835;6.59;98.835
K169;7.462;120.612;169;K169;0.01100000000000012;0.01100000000000012;7.473;120.612;7.473;120.612
G170;8.845;116.708;170;G170;0.03788456149937756;0.03788456149937756;8.809;116.649;8.809;116.649
K171;7.773;120.236;171;K171;0.006477653896279877;0.006477653896279877;7.772;120.268;7.772;120.268
S172;8.317;113.902;172;S172;0.04830113870293274;0.04830113870293274;8.295;113.687;8.295;113.687
A173;9.004;123.458;173;A173;0.012343419299367421;0.012343419299367421;8.993;123.43;8.993;123.43
D174;8.601;122.1;174;D174;0.01354400236267073;0.01354400236267073;8.588;122.081;8.588;122.081
F175;7.979;125.3;175;F175;0.007011419257183065;0.007011419257183065;7.986;125.302;7.986;125.302
T176;8.08;114.948;176;T176;0.011271202242883433;0.011271202242883433;8.07;114.922;8.07;114.922
N177;9.681;115.437;177;N177;0.03074670714076861;0.03074670714076861;9.678;115.59;9.678;115.59
F178;8.232;118.868;178;E106;0.010983624174198809;0.015606408939920621;8.226;118.914;8.24;118.935
D179;7.965;128.101;179;D179;0.013341664064127061;0.013341664064127061;7.952;128.116;7.952;128.116
R181;8.368;118.508;181;R181;0.01258729518204846;0.01258729518204846;8.359;118.464;8.359;118.464
G182;7.293;102.679;182;G182;0.00824621125123592;0.00824621125123592;7.285;102.669;7.285;102.669
L183;7.237;117.358;183;L183;0.025198412648415432;0.025198412648415432;7.254;117.451;7.254;117.451
L184;6.642;113.264;184;L184;0.034414531814337734;0.034414531814337734;6.619;113.136;6.619;113.136
E186;8.175;116.287;186;E186;0.023688815926511033;0.023688815926511033;8.157;116.21;8.157;116.21
S187;7.567;111.334;187;S187;0.024021656895392568;0.024021656895392568;7.58;111.435;7.58;111.435
L188;8.633;125.707;188;L188;0.024758836806277437;0.024758836806277437;8.616;125.617;8.616;125.617
D189;7.379;121.796;189;D189;0.01766465397340057;0.01766465397340057;7.362;121.772;7.362;121.772
Y190;8.717;118.849;190;Y190;0.021114923632351276;0.021114923632351276;8.696;118.86;8.696;118.86
W191;9.526;117.16;191;W191;0.03850402576354934;0.03850402576354934;9.548;117.318;9.548;117.318
T192;9.676;115.125;192;T192;0.023990831582087053;0.023990831582087053;9.655;115.067;9.655;115.067
Y193;8.05;125.602;193;Y193;0.0955058113415087;0.0955058113415087;8.131;125.855;8.131;125.855
G195;9.419;110.513;195;G195;0.08846445613917257;0.08846445613917257;9.4;110.945;9.4;110.945
S196;8.612;120.18;196;S196;0.1000937560490173;0.1000937560490173;8.574;119.717;8.574;119.717
T199;7.012;108.906;199;T199;0.11336119265427418;0.11336119265427418;7.07;109.393;7.07;109.393
L202;9.079;120.065;202;E117;0.4872365339339838;0.1969521769364323;9.458;121.596;9.2;120.842
L203;5.996;111.028;203;L203;0.05088850557837471;0.05088850557837471;5.983;110.782;5.983;110.782
E204;8.81;124.927;204;E204;0.13275677007218886;0.13275677007218886;8.722;124.43;8.722;124.43
C205;7.586;114.78;205;C205;0.07332830285776282;0.07332830285776282;7.653;114.631;7.653;114.631
V206;7.276;118.742;206;V206;0.10855210730335901;0.10855210730335901;7.213;119.184;7.213;119.184
T207;8.462;124.996;207;T207;0.021633307652783276;0.021633307652783276;8.444;125.056;8.444;125.056
W208;8.258;129.403;208;W208;0.09536120804604138;0.09536120804604138;8.21;129.815;8.21;129.815
I209;8.731;127.116;209;I209;0.13191421454869637;0.13191421454869637;8.828;127.563;8.828;127.563
V210;9.728;128.525;210;V210;0.07077315875386678;0.07077315875386678;9.661;128.411;9.661;128.411
L211;8.949;126.773;211;L211;0.09889812940597117;0.09889812940597117;9.033;127.034;9.033;127.034
K212;7.393;122.344;212;K212;0.044519209337092004;0.044519209337092004;7.402;122.126;7.402;122.126
E213;8.884;121.49;213;E213;0.020421557237389233;0.020421557237389233;8.881;121.591;8.881;121.591
I215;8.87;113.214;215;I215;0.0494695866164264;0.0494695866164264;8.916;113.305;8.916;113.305
S216;8.066;116.638;216;S216;0.004841487374765567;0.004841487374765567;8.063;116.619;8.063;116.619
V217;8.512;115.805;217;V217;0.017390802166662063;0.017390802166662063;8.527;115.849;8.527;115.849
S218;8.402;116.007;218;V78;0.011151681487559188;0.02215310362003342;8.396;115.96;8.38;115.994
S219;9.281;117.377;219;S219;0.009453041838476532;0.009453041838476532;9.282;117.424;9.282;117.424
E220;8.35;118.458;220;E220;0.016124515496596097;0.016124515496596097;8.342;118.388;8.342;118.388
Q221;7.518;117.919;221;Q221;0.004317406628985298;0.004317406628985298;7.517;117.94;7.517;117.94
V222;7.363;114.793;222;V222;0.047276209661944;0.047276209661944;7.323;114.667;7.323;114.667
L223;7.991;120.981;223;L223;0.055304972651651914;0.055304972651651914;7.96;120.752;7.96;120.752
K224;6.903;115.088;224;K224;0.002690724809414149;0.002690724809414149;6.901;115.079;6.901;115.079
F225;7.109;118.634;225;F225;0.009610411021386546;0.009610411021386546;7.111;118.681;7.111;118.681
R226;6.701;109.203;226;R226;0.03924589150471987;0.03924589150471987;6.678;109.044;6.678;109.044
K227;6.848;114.079;227;K227;0.010447966309287756;0.010447966309287756;6.847;114.027;6.847;114.027
L228;7.083;119.291;228;L228;0.014406942770762475;0.014406942770762475;7.097;119.308;7.097;119.308
N229;8.864;118.315;229;N229;0.01200666481584268;0.01200666481584268;8.87;118.367;8.87;118.367
F230;8.894;117.296;230;L57;0.08440379138403394;0.049424285528470856;8.914;117.706;8.853;117.434
N231;8.162;110.826;231;N231;0.0027856776554342853;0.0027856776554342853;8.163;110.813;8.163;110.813
G232;8.674;104.871;232;G232;0.02717425251961856;0.02717425251961856;8.657;104.765;8.657;104.765
E233;8.365;121.372;233;E233;0.030266152712230262;0.030266152712230262;8.363;121.221;8.363;121.221
G234;9.043;113.945;234;G234;0.0020591260281934637;0.0020591260281934637;9.042;113.936;9.042;113.936
E235;7.354;119.885;235;E235;0.011092339699089217;0.011092339699089217;7.344;119.909;7.344;119.909
E237;8.238;123.374;237;E237;0.009024411338140253;0.009024411338140253;8.24;123.33;8.24;123.33
E238;8.96;129.74;238;E238;0.006082762530296309;0.006082762530296309;8.966;129.735;8.966;129.735
L239;8.72;126.107;239;L239;0.03848324310657778;0.03848324310657778;8.692;125.975;8.692;125.975
M240;8.692;123.078;240;A23;0.06715474666767855;0.05132874438362996;8.626;123.016;8.641;123.049
V241;6.741;114.981;241;V241;0.029427877939124672;0.029427877939124672;6.712;115.006;6.712;115.006
D242;7.176;114.483;242;D242;0.031588605540605046;0.031588605540605046;7.191;114.622;7.191;114.622
N243;8.347;119.103;243;N243;0.05557841307558192;0.05557841307558192;8.389;119.285;8.389;119.285
W244;6.529;114.549;244;W244;0.14642895888450638;0.14642895888450638;6.431;114.005;6.431;114.005
A247;7.993;120.418;247;A247;0.0776208734813001;0.0776208734813001;7.945;120.723;7.945;120.723
Q248;8.655;121.947;248;Q248;0.09269843580125849;0.09269843580125849;8.742;122.107;8.742;122.107
L250;8.661;125.842;250;L250;0.002039607805437586;0.002039607805437586;8.663;125.84;8.663;125.84
K251;8.855;114.574;251;K251;0.004176122603564016;0.004176122603564016;8.859;114.568;8.859;114.568
R253;7.292;118.5;253;R253;0.028812497288506038;0.028812497288506038;7.307;118.623;7.307;118.623
Q254;8.559;118.333;254;Q254;0.011774548823627613;0.011774548823627613;8.548;118.312;8.548;118.312
I255;8.882;124.432;255;I255;0.008602325267040337;0.008602325267040337;8.877;124.467;8.877;124.467
K256;8.771;126.573;256;K256;0.011208925015361382;0.011208925015361382;8.768;126.627;8.768;126.627
A257;8.403;123.674;257;A257;0.022847319317592592;0.022847319317592592;8.394;123.569;8.394;123.569
S258;8.928;116.424;258;S258;0.009620810776644584;0.009620810776644584;8.919;116.441;8.919;116.441
F259;6.654;117.986;259;F259;0.008072174428245484;0.008072174428245484;6.66;118.013;6.66;118.013
K260;7.728;124.439;260;K260;0.020788458336296636;0.020788458336296636;7.724;124.337;7.724;124.337
